{
  "h": {
    "pos_x": -901.6349421583523,
    "pos_y": 30.0,
    "pos_z": -1617.1282021442742,
    "yaw": 66.29913330078125,
    "pitch": 1.1999239921569824,
    "dimension": "overworld",
    "gamemode": "survival",
    "flying": false,
    "actions": {
      "sneaking": false,
      "sprinting": false,
      "forward": 0.0,
      "strafing": 0.0
    }
  }
}