{
  "HSDDD": {
    "pos_x": 65.69999998807907,
    "pos_y": 186.5,
    "pos_z": 316.30000001192093,
    "yaw": -170.12060546875,
    "pitch": 63.74998474121094,
    "dimension": "overworld",
    "gamemode": "survival",
    "flying": false,
    "actions": {
      "sneaking": false,
      "sprinting": false,
      "forward": 0.0,
      "strafing": 0.0
    }
  },
  "hsdd": {
    "pos_x": 1.699999988079071,
    "pos_y": 62.0,
    "pos_z": 68.30000001192093,
    "yaw": 90.58758544921875,
    "pitch": 56.70002365112305,
    "dimension": "overworld",
    "gamemode": "survival",
    "flying": false,
    "actions": {
      "use": 1,
      "sneaking": false,
      "sprinting": false,
      "forward": 0.0,
      "strafing": 0.0
    }
  },
  "hsds": {
    "pos_x": 38.41718608627904,
    "pos_y": 64.0,
    "pos_z": 61.38547512733351,
    "yaw": 125.24365234375,
    "pitch": 9.90002727508545,
    "dimension": "overworld",
    "gamemode": "survival",
    "flying": false,
    "actions": {
      "use": 1,
      "sneaking": false,
      "sprinting": false,
      "forward": 0.0,
      "strafing": 0.0
    }
  }
}